t;x;y
0;0;0
0,2;0,03915142;0,10121418
0,4;0,084411829;0,204846892
0,6;0,135492575;0,310868731
0,8;0,192109693;0,419230953
1;0,253986214;0,529865869
1,2;0,320854397;0,642687396
1,4;0,392457903;0,757591748
1,6;0,468553869;0,874458281
1,8;0,54891487;0,99315047
2;0,633330764;1,11351701
2,2;0,721610391;1,235393042
2,4;0,813583123;1,358601491
2,6;0,909100239;1,482954495
2,8;1,008036137;1,608254927
3;1,110289343;1,734297994
3,2;1,215783339;1,860872887
3,4;1,324467178;1,987764497
3,6;1,436315897;2,114755147
3,8;1,551330722;2,24162636
4;1,669539052;2,368160628
4,2;1,790994246;2,494143168
4,4;1,915775182;2,619363662
4,6;2,043985625;2,743617963
4,8;2,175753384;2,866709744
5;2,311229279;2,988452087
5,2;2,450585917;3,108668998
5,4;2,594016301;3,227196831
5,6;2,74173226;3,343885611
5,8;2,893962741;3,458600251
6;3,050951952;3,571221643
6,2;3,212957387;3,681647621
6,4;3,38024774;3,789793794
6,6;3,553100732;3,89559422
6,8;3,731800861;3,99900195
7;3,916637101;4,099989398
7,2;4,107900563;4,198548571
7,4;4,305882135;4,294691133
7,6;4,510870132;4,388448307
7,8;4,72314796;4,479870627
8;4,942991823;4,569027525
8,2;5,170668484;4,65600677
8,4;5,40643311;4,74091376
8,6;5,650527206;4,823870665
8,8;5,903176656;4,905015441
9;6,164589898;4,984500713
9,2;6,434956239;5,062492538
9,4;6,714444315;5,139169061
9,6;7,003200737;5,214719075
9,8;7,301348891;5,289340492
10;7,608987953;5,36323874
