x,y
0.0,2.15
0.2,2.1918034311723287
0.4,2.208843900873636
0.6000000000000001,2.206588694827593
0.8,2.1935671564363286
1.0,2.1797492748432132
1.2000000000000002,2.1746822864248174
1.4000000000000001,2.185711741138087
1.6,2.2165985884109154
1.8,2.266774739706221
2.0,2.331368282294856
2.2,2.401995400411991
2.4000000000000004,2.468182425156785
2.6,2.5191715190378385
2.8000000000000003,2.545796418241355
3.0,2.542102073784618
3.2,2.5064261466412834
3.4000000000000004,2.441753461579942
3.6,2.355280526044203
3.8000000000000003,2.2572641793820227
4.0,2.1593525544370644
4.2,2.0726862399251345
4.4,2.0060972406384794
4.6000000000000005,1.9647161457228162
4.800000000000001,1.949226824168838
5.0,1.9558953311092342
5.2,1.9773651086492403
5.4,2.004077397704034
5.6000000000000005,2.026067189464375
5.800000000000001,2.034819909918119
6.0,2.0248636674803953
6.2,1.9948180998291325
6.4,1.9477155951556433
6.6000000000000005,1.8905374619107391
6.800000000000001,1.8330444330167577
7.0,1.7861039275931156
7.2,1.7598043615688284
7.4,1.7616842169683207
7.6000000000000005,1.7953840361269264
7.800000000000001,1.8599563908108285
8.0,1.949954888632983
8.200000000000001,2.0562882263403885
8.4,2.1676926495996773
8.6,2.272568982823667
8.8,2.3608672776069906
9.0,2.4256940602560473
9.200000000000001,2.4643655360270307
9.4,2.478726517905051
9.600000000000001,2.474682530779365
9.8,2.461029302588318
